SET DEFINE OFF;

-- Drop all backup and lookup tables
declare
l_count number;
l_owner varchar2(20);
l_table_name varchar2(50);
l_drop_sql varchar2(500);

begin

l_owner := 'TFRUSER';
l_table_name := 'BAK_NOTAM_AREA';
select count(*) into l_count from all_tables where owner = l_owner and table_name = l_table_name;
dbms_output.put_line(l_table_name || ':' || l_count);
if (l_count > 0) then
    l_drop_sql := 'DROP TABLE ' || l_owner || '.' || l_table_name || ' CASCADE CONSTRAINTS';
    execute immediate l_drop_sql;
    dbms_output.put_line('Dropped table ' || l_table_name);
end if;

l_table_name := 'BAK_NOTAM_BODY';
select count(*) into l_count from all_tables where owner = l_owner and table_name = l_table_name;
dbms_output.put_line(l_table_name || ':' || l_count);
if (l_count > 0) then
    l_drop_sql := 'DROP TABLE ' || l_owner || '.' || l_table_name || ' CASCADE CONSTRAINTS';
    execute immediate l_drop_sql;
    dbms_output.put_line('Dropped table ' || l_table_name);
end if;

l_table_name := 'BAK_NOTAM_TFR_DATE_TIME';
select count(*) into l_count from all_tables where owner = l_owner and table_name = l_table_name;
dbms_output.put_line(l_table_name || ':' || l_count);
if (l_count > 0) then
    l_drop_sql := 'DROP TABLE ' || l_owner || '.' || l_table_name || ' CASCADE CONSTRAINTS';
    execute immediate l_drop_sql;
    dbms_output.put_line('Dropped table ' || l_table_name);
end if;


l_table_name := 'ZZZ_LOOKUP_INSTRUCTIONS';
select count(*) into l_count from all_tables where owner = l_owner and table_name = l_table_name;
dbms_output.put_line(l_table_name || ':' || l_count);
if (l_count > 0) then
    l_drop_sql := 'DROP TABLE ' || l_owner || '.' || l_table_name || ' CASCADE CONSTRAINTS';
    execute immediate l_drop_sql;
    dbms_output.put_line('Dropped table ' || l_table_name);
end if;

l_table_name := 'ZZZ_LOOKUP_INST_OPTIONS';
select count(*) into l_count from all_tables where owner = l_owner and table_name = l_table_name;
dbms_output.put_line(l_table_name || ':' || l_count);
if (l_count > 0) then
    l_drop_sql := 'DROP TABLE ' || l_owner || '.' || l_table_name || ' CASCADE CONSTRAINTS';
    execute immediate l_drop_sql;
    dbms_output.put_line('Dropped table ' || l_table_name);
end if;

l_table_name := 'ZZZ_LOOKUP_TFR_TYPES';
select count(*) into l_count from all_tables where owner = l_owner and table_name = l_table_name;
dbms_output.put_line(l_table_name || ':' || l_count);
if (l_count > 0) then
    l_drop_sql := 'DROP TABLE ' || l_owner || '.' || l_table_name || ' CASCADE CONSTRAINTS';
    execute immediate l_drop_sql;
    dbms_output.put_line('Dropped table ' || l_table_name);
end if;

l_table_name := 'ZZZ_LOOKUP_TYPES_INST_OPTIONS';
select count(*) into l_count from all_tables where owner = l_owner and table_name = l_table_name;
dbms_output.put_line(l_table_name || ':' || l_count);
if (l_count > 0) then
    l_drop_sql := 'DROP TABLE ' || l_owner || '.' || l_table_name || ' CASCADE CONSTRAINTS';
    execute immediate l_drop_sql;
    dbms_output.put_line('Dropped table ' || l_table_name);
end if;

l_table_name := 'ZZZ_LOOKUP_TYPE_INSTS';
select count(*) into l_count from all_tables where owner = l_owner and table_name = l_table_name;
dbms_output.put_line(l_table_name || ':' || l_count);
if (l_count > 0) then
    l_drop_sql := 'DROP TABLE ' || l_owner || '.' || l_table_name || ' CASCADE CONSTRAINTS';
    execute immediate l_drop_sql;
    dbms_output.put_line('Dropped table ' || l_table_name);
end if;

l_table_name := 'LOOKUP_INSTRUCTIONS';
select count(*) into l_count from all_tables where owner = l_owner and table_name = l_table_name;
dbms_output.put_line(l_table_name || ':' || l_count);
if (l_count > 0) then
    l_drop_sql := 'DROP TABLE ' || l_owner || '.' || l_table_name || ' CASCADE CONSTRAINTS';
    execute immediate l_drop_sql;
    dbms_output.put_line('Dropped table ' || l_table_name);
end if;

l_table_name := 'LOOKUP_INST_OPTIONS';
select count(*) into l_count from all_tables where owner = l_owner and table_name = l_table_name;
dbms_output.put_line(l_table_name || ':' || l_count);
if (l_count > 0) then
    l_drop_sql := 'DROP TABLE ' || l_owner || '.' || l_table_name || ' CASCADE CONSTRAINTS';
    execute immediate l_drop_sql;
    dbms_output.put_line('Dropped table ' || l_table_name);
end if;

l_table_name := 'LOOKUP_STATUS';
select count(*) into l_count from all_tables where owner = l_owner and table_name = l_table_name;
dbms_output.put_line(l_table_name || ':' || l_count);
if (l_count > 0) then
    l_drop_sql := 'DROP TABLE ' || l_owner || '.' || l_table_name || ' CASCADE CONSTRAINTS';
    execute immediate l_drop_sql;
    dbms_output.put_line('Dropped table ' || l_table_name);
end if;

l_table_name := 'LOOKUP_TFR_TYPES';
select count(*) into l_count from all_tables where owner = l_owner and table_name = l_table_name;
dbms_output.put_line(l_table_name || ':' || l_count);
if (l_count > 0) then
    l_drop_sql := 'DROP TABLE ' || l_owner || '.' || l_table_name || ' CASCADE CONSTRAINTS';
    execute immediate l_drop_sql;
    dbms_output.put_line('Dropped table ' || l_table_name);
end if;

l_table_name := 'LOOKUP_TYPES_INST_OPTIONS';
select count(*) into l_count from all_tables where owner = l_owner and table_name = l_table_name;
dbms_output.put_line(l_table_name || ':' || l_count);
if (l_count > 0) then
    l_drop_sql := 'DROP TABLE ' || l_owner || '.' || l_table_name || ' CASCADE CONSTRAINTS';
    execute immediate l_drop_sql;
    dbms_output.put_line('Dropped table ' || l_table_name);
end if;

l_table_name := 'LOOKUP_TYPE_INSTS';
select count(*) into l_count from all_tables where owner = l_owner and table_name = l_table_name;
dbms_output.put_line(l_table_name || ':' || l_count);
if (l_count > 0) then
    l_drop_sql := 'DROP TABLE ' || l_owner || '.' || l_table_name || ' CASCADE CONSTRAINTS';
    execute immediate l_drop_sql;
    dbms_output.put_line('Dropped table ' || l_table_name);
end if;

l_table_name := 'TFR_TYPES'; --unneeded, duplicate table.
select count(*) into l_count from all_tables where owner = l_owner and table_name = l_table_name;
dbms_output.put_line(l_table_name || ':' || l_count);
if (l_count > 0) then
    l_drop_sql := 'DROP TABLE ' || l_owner || '.' || l_table_name || ' CASCADE CONSTRAINTS';
    execute immediate l_drop_sql;
    dbms_output.put_line('Dropped table ' || l_table_name);
end if;

end;
/

-- Recreate lookup tables as presented in Dev:

CREATE TABLE TFRUSER.LOOKUP_INSTRUCTIONS
(
  ID     NUMBER,
  NAME   VARCHAR2(255 BYTE),
  VALUE  VARCHAR2(100 BYTE)
);

CREATE TABLE TFRUSER.LOOKUP_INST_OPTIONS
(
  ID    NUMBER,
  NAME  VARCHAR2(2048 BYTE)
);

CREATE TABLE TFRUSER.LOOKUP_STATUS
(
  STATUS_ID    NUMBER,
  STATUS_TEXT  VARCHAR2(100 BYTE)
);

CREATE TABLE TFRUSER.LOOKUP_TFR_TYPES
(
  ID           NUMBER                           NOT NULL,
  TYPE         VARCHAR2(100 BYTE),
  REF          VARCHAR2(100 BYTE),
  NAME         VARCHAR2(100 BYTE),
  DETAILS      VARCHAR2(255 BYTE),
  DESCRIPTION  VARCHAR2(2000 BYTE),
  TEMPLATE     VARCHAR2(2048 BYTE)
);

CREATE TABLE TFRUSER.LOOKUP_TYPES_INST_OPTIONS
(
  ID           NUMBER,
  TFR_TYPE     NUMBER,
  INSTRUCTION  NUMBER,
  INST_OPTION  NUMBER
);

CREATE TABLE TFRUSER.LOOKUP_TYPE_INSTS
(
  ID           NUMBER,
  TFR_TYPE     NUMBER,
  INSTRUCTION  NUMBER
);




-- Insert values as presented in Dev:
Insert into TFRUSER.LOOKUP_TYPE_INSTS
   (ID, TFR_TYPE, INSTRUCTION)
 Values
   (1, 1, 1);
Insert into TFRUSER.LOOKUP_TYPE_INSTS
   (ID, TFR_TYPE, INSTRUCTION)
 Values
   (2, 2, 1);
Insert into TFRUSER.LOOKUP_TYPE_INSTS
   (ID, TFR_TYPE, INSTRUCTION)
 Values
   (3, 3, 1);
Insert into TFRUSER.LOOKUP_TYPE_INSTS
   (ID, TFR_TYPE, INSTRUCTION)
 Values
   (4, 4, 2);
Insert into TFRUSER.LOOKUP_TYPE_INSTS
   (ID, TFR_TYPE, INSTRUCTION)
 Values
   (5, 4, 3);
Insert into TFRUSER.LOOKUP_TYPE_INSTS
   (ID, TFR_TYPE, INSTRUCTION)
 Values
   (6, 4, 4);
Insert into TFRUSER.LOOKUP_TYPE_INSTS
   (ID, TFR_TYPE, INSTRUCTION)
 Values
   (7, 4, 5);
Insert into TFRUSER.LOOKUP_TYPE_INSTS
   (ID, TFR_TYPE, INSTRUCTION)
 Values
   (8, 5, 1);
Insert into TFRUSER.LOOKUP_TYPE_INSTS
   (ID, TFR_TYPE, INSTRUCTION)
 Values
   (9, 6, 1);
Insert into TFRUSER.LOOKUP_TYPE_INSTS
   (ID, TFR_TYPE, INSTRUCTION)
 Values
   (10, 7, 1);
   
Insert into TFRUSER.LOOKUP_TYPES_INST_OPTIONS
   (ID, TFR_TYPE, INSTRUCTION, INST_OPTION)
 Values
   (1, 1, 1, 1);
Insert into TFRUSER.LOOKUP_TYPES_INST_OPTIONS
   (ID, TFR_TYPE, INSTRUCTION, INST_OPTION)
 Values
   (2, 2, 1, 1);
Insert into TFRUSER.LOOKUP_TYPES_INST_OPTIONS
   (ID, TFR_TYPE, INSTRUCTION, INST_OPTION)
 Values
   (3, 3, 1, 1);
Insert into TFRUSER.LOOKUP_TYPES_INST_OPTIONS
   (ID, TFR_TYPE, INSTRUCTION, INST_OPTION)
 Values
   (4, 4, 2, 5);
Insert into TFRUSER.LOOKUP_TYPES_INST_OPTIONS
   (ID, TFR_TYPE, INSTRUCTION, INST_OPTION)
 Values
   (5, 4, 2, 6);
Insert into TFRUSER.LOOKUP_TYPES_INST_OPTIONS
   (ID, TFR_TYPE, INSTRUCTION, INST_OPTION)
 Values
   (6, 4, 3, 7);
Insert into TFRUSER.LOOKUP_TYPES_INST_OPTIONS
   (ID, TFR_TYPE, INSTRUCTION, INST_OPTION)
 Values
   (7, 4, 3, 8);
Insert into TFRUSER.LOOKUP_TYPES_INST_OPTIONS
   (ID, TFR_TYPE, INSTRUCTION, INST_OPTION)
 Values
   (8, 4, 3, 9);
Insert into TFRUSER.LOOKUP_TYPES_INST_OPTIONS
   (ID, TFR_TYPE, INSTRUCTION, INST_OPTION)
 Values
   (9, 4, 4, 10);
Insert into TFRUSER.LOOKUP_TYPES_INST_OPTIONS
   (ID, TFR_TYPE, INSTRUCTION, INST_OPTION)
 Values
   (10, 4, 4, 11);
Insert into TFRUSER.LOOKUP_TYPES_INST_OPTIONS
   (ID, TFR_TYPE, INSTRUCTION, INST_OPTION)
 Values
   (11, 4, 4, 12);
Insert into TFRUSER.LOOKUP_TYPES_INST_OPTIONS
   (ID, TFR_TYPE, INSTRUCTION, INST_OPTION)
 Values
   (12, 4, 4, 13);
Insert into TFRUSER.LOOKUP_TYPES_INST_OPTIONS
   (ID, TFR_TYPE, INSTRUCTION, INST_OPTION)
 Values
   (13, 4, 4, 14);
Insert into TFRUSER.LOOKUP_TYPES_INST_OPTIONS
   (ID, TFR_TYPE, INSTRUCTION, INST_OPTION)
 Values
   (14, 4, 5, 17);
Insert into TFRUSER.LOOKUP_TYPES_INST_OPTIONS
   (ID, TFR_TYPE, INSTRUCTION, INST_OPTION)
 Values
   (15, 5, 1, 15);
Insert into TFRUSER.LOOKUP_TYPES_INST_OPTIONS
   (ID, TFR_TYPE, INSTRUCTION, INST_OPTION)
 Values
   (16, 6, 1, 2);
Insert into TFRUSER.LOOKUP_TYPES_INST_OPTIONS
   (ID, TFR_TYPE, INSTRUCTION, INST_OPTION)
 Values
   (17, 6, 1, 3);
Insert into TFRUSER.LOOKUP_TYPES_INST_OPTIONS
   (ID, TFR_TYPE, INSTRUCTION, INST_OPTION)
 Values
   (18, 6, 1, 4);
Insert into TFRUSER.LOOKUP_TYPES_INST_OPTIONS
   (ID, TFR_TYPE, INSTRUCTION, INST_OPTION)
 Values
   (19, 7, 1, 16);
   
Insert into TFRUSER.LOOKUP_TFR_TYPES
   (ID, TYPE, REF, NAME, DETAILS, 
    DESCRIPTION, TEMPLATE)
 Values
   (1, '91.137(a)(1) HAZARD (surface hazard)', '91.137(a)(1)', 'HAZARDS', 'surface hazard', 
    'To protect persons and property in the air or on the surface from an existing or imminent hazard associated with an incident on the surface when the presence of low flying aircraft would magnify, alter, spread, or compound that hazard. This is the most restrictive of TFR''s and is rarely issued for wildland fire incidents. It is more commonly used for the following: <br/>&nbsp;&nbsp;&nbsp;&nbsp; &#149; Toxic gas leaks, spills, fumes from flammable agents <br/>&nbsp;&nbsp;&nbsp;&nbsp; &#149; Volcano eruptions <br/>&nbsp;&nbsp;&nbsp;&nbsp; &#149; Nuclear accident or incident <br/>&nbsp;&nbsp;&nbsp;&nbsp; &#149; Hijacking incidents <br/>&nbsp;&nbsp;&nbsp;&nbsp; &#149; Aircraft accident sites at the discretion of the FAA', '!FDC Y/NNNN {ARTCC} {TERRITORY/STATE}..AIRSPACE {COMMON NAME}, {CITY, STATE}.. TEMPORARY FLIGHT RESTRICTION. PURSUANT TO 14 CFR SECTION 91.137(A)(1), TEMPORARY FLIGHT RESTRICTIONS ARE IN EFFECT. ONLY AIRCRAFT PERMITTED UNDER THE PROVISIONS OF 14 CFR 91.137(B) ARE ALLOWED TO OPERATE IN THIS 91.137(A)(1) TFR. {TFR AREA SECTION} {TFR EFFECTIVE TIMES SECTION} {POC TEMPLATE} {COORDINATION FACILITY TEMPLATE} {EARLIEST START DTG}-{LATEST END DTG}');
Insert into TFRUSER.LOOKUP_TFR_TYPES
   (ID, TYPE, REF, NAME, DETAILS, 
    DESCRIPTION, TEMPLATE)
 Values
   (2, '91.137(a)(2) HAZARD (wildfires, disaster relief)', '91.137(a)(2)', 'HAZARDS', 'wildfires, disaster relief', 
    'To provide a safe environment for the operation of disaster relief aircraft. This is the most common of TFR''s for land management agencies that deal wildland fires. It includes but is not limited to: <br/>&nbsp;&nbsp;&nbsp;&nbsp; &#149; Wildland fires which are being fought by aviation resources <br/>&nbsp;&nbsp;&nbsp;&nbsp; &#149; Aircraft relief activities following a disaster (earthquake, tidal wave, flood, hurricane, etc) <br/>&nbsp;&nbsp;&nbsp;&nbsp; &#149; Aircraft accident sites', '!FDC Y/NNNN {ARTCC} {TERRITORY/STATE}..AIRSPACE {COMMON NAME}, {CITY, STATE}.. TEMPORARY FLIGHT RESTRICTION.   PURSUANT TO 14 CFR SECTION 91.137(A)(2), TEMPORARY FLIGHT RESTRICTIONS ARE IN EFFECT. {TFR AREA SECTION} {TFR EFFECTIVE TIMES SECTION} {POC TEMPLATE} {COORDINATION FACILITY TEMPLATE} {EARLIEST START DTG}-{LATEST END DTG}');
Insert into TFRUSER.LOOKUP_TFR_TYPES
   (ID, TYPE, REF, NAME, DETAILS, 
    DESCRIPTION, TEMPLATE)
 Values
   (3, '91.137(a)(3) HAZARD (restrict sightseeing)', '91.137(a)(3)', 'HAZARDS', 'restrict sightseeing', 
    'Disaster/hazard incidents of limited duration that would attract an unsafe congestion of sightseeing aircraft, such as aircraft accident sites.', '!FDC Y/NNNN {ARTCC} {TERRITORY/STATE}..AIRSPACE {COMMON NAME}, {CITY, STATE}.. TEMPORARY FLIGHT RESTRICTION. PURSUANT TO 14 CFR SECTION 91.137(A)(3), TEMPORARY FLIGHT RESTRICTIONS ARE IN EFFECT. {TFR AREA SECTION} {TFR EFFECTIVE TIMES SECTION} {POC TEMPLATE} {COORDINATION FACILITY TEMPLATE} {EARLIEST START DTG}-{LATEST END DTG}');
Insert into TFRUSER.LOOKUP_TFR_TYPES
   (ID, TYPE, REF, NAME, DETAILS, 
    DESCRIPTION, TEMPLATE)
 Values
   (4, '91.141 VIP', '91.141', 'VIP', 'BIG THREAT', 
    'To protect the President, Vice President, or other public figures.', '!FDC Y/NNNN {ARTCC} {TERRITORY/STATE}..AIRSPACE {COMMON NAME}, {CITY, STATE}.. TEMPORARY FLIGHT RESTRICTION. {EFFECTIVE LOCAL DATE} LOCAL.  PURSUANT TO 49 USC 40103(B), THE FEDERAL AVIATION ADMINISTRATION (FAA) CLASSIFIES THE AIRSPACE DEFINED IN THIS NOTAM AS ''NATIONAL DEFENSE AIRSPACE''. PILOTS WHO DO NOT ADHERE TO THE FOLLOWING PROCEDURES MAY BE INTERCEPTED, DETAINED AND INTERVIEWED BY LAW ENFORCEMENT/SECURITY PERSONNEL. ANY OF THE FOLLOWING ADDITIONAL ACTIONS MAY ALSO BE TAKEN AGAINST A PILOT WHO DOES NOT COMPLY WITH THE REQUIREMENTS OR ANY SPECIAL INSTRUCTIONS OR PROCEDURES ANNOUNCED IN THIS NOTAM: A) THE FAA MAY TAKE ADMINISTRATIVE ACTION, INCLUDING IMPOSING CIVIL PENALTIES AND THE SUSPENSION OR REVOCATION OF AIRMEN CERTIFICATES; OR B) THE UNITED STATES GOVERNMENT MAY PURSUE CRIMINAL CHARGES, INCLUDING CHARGES UNDER TITLE 49 OF THE UNITED STATES CODE, SECTION 46307; OR C) THE UNITED STATES GOVERNMENT MAY USE DEADLY FORCE AGAINST THE AIRBORNE AIRCRAFT, IF IT IS DETERMINED THAT THE AIRCRAFT POSES AN IMMINENT SECURITY THREAT. PURSUANT TO TITLE 14, SECTION 91.141 OF THE CODE OF FEDERAL REGULATIONS, AIRCRAFT FLIGHT OPERATIONS ARE PROHIBITED {TFR AREA SECTION} {TFR EFFECTIVE TIMES SECTION} {EARLIEST START DTG}-{LATEST END DTG}');
Insert into TFRUSER.LOOKUP_TFR_TYPES
   (ID, TYPE, REF, NAME, DETAILS, 
    DESCRIPTION, TEMPLATE)
 Values
   (5, '91.141 VIP', '91.141', 'VIP', 'LITTLE THREAT', 
    'To protect the President, Vice President, or other public figures.', '!FDC Y/NNNN {ARTCC} {TERRITORY/STATE}..AIRSPACE {COMMON NAME}, {CITY, STATE}.. TEMPORARY FLIGHT RESTRICTION. {EFFECTIVE LOCAL DATE} LOCAL.  PURSUANT TO 49 USC 40103(B), THE FEDERAL AVIATION ADMINISTRATION (FAA) CLASSIFIES THE AIRSPACE DEFINED IN THIS NOTAM AS ''NATIONAL DEFENSE AIRSPACE''. ANY PERSON WHO KNOWINGLY OR WILLFULLY VIOLATES THE RULES CONCERNING OPERATIONS IN THIS AIRSPACE MAY BE SUBJECT TO CERTAIN CRIMINAL PENALTIES UNDER 49 USC 46307.  PILOTS WHO DO NOT ADHERE TO THE FOLLOWING PROCEDURES MAY BE INTERCEPTED, DETAINED AND INTERVIEWED BY LAW ENFORCEMENT/SECURITY PERSONNEL. PURSUANT TO TITLE 14, SECTION 91.141 OF THE CODE OF FEDERAL REGULATIONS, AIRCRAFT FLIGHT OPERATIONS ARE PROHIBITED {TFR AREA SECTION} {TFR EFFECTIVE TIMES SECTION} {EARLIEST START DTG}-{LATEST END DTG}');
Insert into TFRUSER.LOOKUP_TFR_TYPES
   (ID, TYPE, REF, NAME, DETAILS, 
    DESCRIPTION, TEMPLATE)
 Values
   (6, '91.141 VIP', '91.141', 'VIP', 'DISABLE 49USC', 
    'To protect the President, Vice President, or other public figures.', '!FDC Y/NNNN {ARTCC} {TERRITORY/STATE}..AIRSPACE {COMMON NAME}, {CITY, STATE}.. TEMPORARY FLIGHT RESTRICTION. {EFFECTIVE LOCAL DATE} LOCAL. PURSUANT TO TITLE 14, SECTION 91.141 OF THE CODE OF FEDERAL REGULATIONS, AIRCRAFT FLIGHT OPERATIONS ARE PROHIBITED {TFR AREA SECTION} {TFR EFFECTIVE TIMES SECTION} {EARLIEST START DTG}-{LATEST END DTG}');
Insert into TFRUSER.LOOKUP_TFR_TYPES
   (ID, TYPE, REF, NAME, DETAILS, 
    DESCRIPTION, TEMPLATE)
 Values
   (7, '91.141 VIP', '91.141', 'VIP', 'VPOTUS', 
    'To protect the President, Vice President, or other public figures.', '!FDC Y/NNNN {ARTCC} {TERRITORY/STATE}..AIRSPACE {COMMON NAME}, {CITY, STATE}.. TEMPORARY FLIGHT RESTRICTION.  {EFFECTIVE LOCAL DATE} LOCAL. PURSUANT TO 49 USC 40103(B), THE FEDERAL AVIATION ADMINISTRATION (FAA) CLASSIFIES THE AIRSPACE DEFINED IN THIS NOTAM AS ''NATIONAL DEFENSE AIRSPACE''. PILOTS WHO DO NOT ADHERE TO THE FOLLOWING PROCEDURES MAY BE INTERCEPTED, DETAINED AND INTERVIEWED BY LAW ENFORCEMENT/SECURITY PERSONNEL. ANY OF THE FOLLOWING ADDITIONAL ACTIONS MAY ALSO BE TAKEN AGAINST A PILOT WHO DOES NOT COMPLY WITH THE REQUIREMENTS OR  ANY SPECIAL INSTRUCTIONS OR PROCEDURES ANNOUNCED IN THIS NOTAM: A) THE FAA MAY TAKE ADMINISTRATIVE ACTION, INCLUDING IMPOSING CIVIL PENALTIES AND THE SUSPENSION OR REVOCATION OF AIRMEN CERTIFICATES; OR B) THE UNITED STATES GOVERNMENT MAY PURSUE CRIMINAL CHARGES, INCLUDING CHARGES UNDER TITLE 49 OF THE UNITED STATES CODE, SECTION 46307; OR  C) THE UNITED STATES GOVERNMENT MAY USE DEADLY FORCE AGAINST THE AIRBORNE AIRCRAFT, IF IT IS DETERMINED THAT THE AIRCRAFT POSES AN IMMINENT SECURITY THREAT.  PURSUANT TO TITLE 14, SECTION 91.141 OF THE CODE OF FEDERAL REGULATIONS, AIRCRAFT FLIGHT OPERATIONS, TO INCLUDE REMOTE CONTROLLED AIRCRAFT OPERATIONS ARE PROHIBITED: {TFR AREA SECTION} {TFR EFFECTIVE TIMES SECTION} {EARLIEST START DTG}-{LATEST END DTG}');
Insert into TFRUSER.LOOKUP_TFR_TYPES
   (ID, TYPE, REF, NAME, DESCRIPTION, 
    TEMPLATE)
 Values
   (8, '91.145 AIRSHOW', '91.145', 'AIRSHOW', 'To provide a safe environment for aircraft operations associated with an airshow.', 
    '!FDC Y/NNNN {ARTCC} {TERRITORY/STATE}..AIRSPACE {COMMON NAME}, {CITY, STATE}.. TEMPORARY FLIGHT RESTRICTION.   PURSUANT TO 14 CFR SECTION 91.145, MANAGEMENT OF AIRCRAFT OPERATIONS IN THE VICINITY OF AERIAL DEMONSTRATIONS AND MAJOR SPORTING EVENTS, AIRCRAFT OPERATIONS ARE PROHIBITED {TFR AREA SECTION} {TFR EFFECTIVE TIMES SECTION} {POC TEMPLATE} {COORDINATION FACILITY TEMPLATE} {EARLIEST START DTG}-{LATEST END DTG}');
Insert into TFRUSER.LOOKUP_TFR_TYPES
   (ID, TYPE, REF, NAME, DETAILS, 
    DESCRIPTION, TEMPLATE)
 Values
   (9, '99.7 SECURITY', '99.7', 'SECURITY', 'BIG THREAT', 
    'To provide special security instructions to pilots.', '!FDC Y/NNNN {ARTCC} {TERRITORY/STATE}..AIRSPACE {COMMON NAME}, {CITY, STATE}.. TEMPORARY FLIGHT RESTRICTION.   {EFFECTIVE LOCAL DATE} LOCAL. PURSUANT TO 49 USC 40103(B), THE FEDERAL AVIATION ADMINISTRATION (FAA) CLASSIFIES THE AIRSPACE DEFINED IN THIS NOTAM AS ''NATIONAL DEFENSE AIRSPACE''. PILOTS WHO DO NOT ADHERE TO THE FOLLOWING PROCEDURES MAY BE INTERCEPTED, DETAINED AND INTERVIEWED BY LAW ENFORCEMENT/SECURITY PERSONNEL. ANY OF THE FOLLOWING ADDITIONAL ACTIONS MAY ALSO BE TAKEN AGAINST A PILOT WHO DOES NOT COMPLY WITH THE REQUIREMENTS OR  ANY SPECIAL INSTRUCTIONS OR PROCEDURES ANNOUNCED IN THIS NOTAM: A) THE FAA MAY TAKE ADMINISTRATIVE ACTION, INCLUDING IMPOSING CIVIL PENALTIES AND THE SUSPENSION OR REVOCATION OF AIRMEN CERTIFICATES;  OR B) THE UNITED STATES GOVERNMENT MAY PURSUE CRIMINAL CHARGES, INCLUDING CHARGES UNDER TITLE 49 OF THE UNITED STATES CODE, SECTION 46307; OR C) THE UNITED STATES GOVERNMENT MAY USE DEADLY FORCE AGAINST THE AIRBORNE AIRCRAFT, IF IT IS DETERMINED THAT THE AIRCRAFT POSES AN IMMINENT SECURITY THREAT.  PURSUANT TO TITLE 14 CFR SECTION 99.7, SPECIAL SECURITY INSTRUCTIONS, ALL AIRCRAFT FLIGHT OPERATIONS ARE PROHIBITED {TFR AREA SECTION} {TFR EFFECTIVE TIMES SECTION} {POC TEMPLATE} {COORDINATION FACILITY TEMPLATE} {EARLIEST START DTG}-{LATEST END DTG}');
Insert into TFRUSER.LOOKUP_TFR_TYPES
   (ID, TYPE, REF, NAME, DETAILS, 
    DESCRIPTION, TEMPLATE)
 Values
   (10, '99.7 SECURITY', '99.7', 'SECURITY', 'LITTLE THREAT', 
    'To provide special security instructions to pilots.', '!FDC Y/NNNN {ARTCC} {TERRITORY/STATE}..AIRSPACE {COMMON NAME}, {CITY, STATE}.. TEMPORARY FLIGHT RESTRICTION. {EFFECTIVE LOCAL DATE} LOCAL. PURSUANT TO 49 USC 40103(B), THE FEDERAL AVIATION ADMINISTRATION (FAA) CLASSIFIES THE AIRSPACE DEFINED IN THIS NOTAM AS ''NATIONAL DEFENSE AIRSPACE''. ANY PERSON WHO KNOWINGLY OR WILLFULLY VIOLATES THE RULES CONCERNING OPERATIONS IN THIS AIRSPACE MAY BE SUBJECT TO CERTAIN CRIMINAL PENALTIES UNDER 49 USC 46307. PILOTS WHO DO NOT ADHERE TO THE FOLLOWING PROCEDURES MAY BE INTERCEPTED, DETAINED AND INTERVIEWED BY LAW ENFORCEMENT/SECURITY PERSONNEL. PURSUANT TO TITLE 14 CFR SECTION 99.7, SPECIAL SECURITY INSTRUCTIONS, ALL AIRCRAFT FLIGHT OPERATIONS ARE PROHIBITED {TFR AREA SECTION} {TFR EFFECTIVE TIMES SECTION} {POC TEMPLATE} {COORDINATION FACILITY TEMPLATE} {EARLIEST START DTG}-{LATEST END DTG}');
Insert into TFRUSER.LOOKUP_TFR_TYPES
   (ID, TYPE, REF, NAME, DETAILS, 
    DESCRIPTION, TEMPLATE)
 Values
   (11, '99.7 SECURITY', '99.7', 'SECURITY', 'DISABLE 49USC', 
    'To provide special security instructions to pilots.', '!FDC Y/NNNN {ARTCC} {TERRITORY/STATE}..AIRSPACE {COMMON NAME}, {CITY, STATE}.. TEMPORARY FLIGHT RESTRICTION. {EFFECTIVE LOCAL DATE} LOCAL. PURSUANT TO TITLE 14 CFR SECTION 99.7, SPECIAL SECURITY INSTRUCTIONS, ALL AIRCRAFT FLIGHT OPERATIONS ARE PROHIBITED {TFR AREA SECTION} {TFR EFFECTIVE TIMES SECTION} {POC TEMPLATE} {COORDINATION FACILITY TEMPLATE} {EARLIEST START DTG}-{LATEST END DTG}');
Insert into TFRUSER.LOOKUP_TFR_TYPES
   (ID, TYPE, REF, NAME, DESCRIPTION, 
    TEMPLATE)
 Values
   (12, '94.143 SPACE OPERATIONS', '94.143', 'SPACE OPERATIONS', 'Space operations area: aircraft operations are prohibitied.', 
    '!FDC Y/NNNN {ARTCC} {TERRITORY/STATE}..AIRSPACE {COMMON NAME}, {CITY, STATE}.. TEMPORARY FLIGHT RESTRICTION. PURSUANT TO 14 CFR SECTION 91.143, SPACE OPERATIONS AREA, AIRCRAFT OPERATIONS ARE PROHIBITED {TFR AREA SECTION} {TFR EFFECTIVE TIMES SECTION} {COORDINATION FACILITY TEMPLATE} {EARLIEST START DTG}-{LATEST END DTG}');
Insert into TFRUSER.LOOKUP_TFR_TYPES
   (ID, TYPE, REF, NAME, DESCRIPTION, 
    TEMPLATE)
 Values
   (13, '91.138 HAWAII', '91.138', 'HAWAII', 'HAWAII', 
    '!FDC Y/NNNN {ARTCC} {TERRITORY/STATE}..AIRSPACE {COMMON NAME}, {CITY, STATE}.. TEMPORARY FLIGHT RESTRICTION. PURSUANT TO 14 CFR SECTION 91.138, TEMPORARY FLIGHT RESTRICTIONS ARE IN EFFECT {TFR AREA SECTION} {TFR EFFECTIVE TIMES SECTION} {EARLIEST START DTG}-{LATEST END DTG}');
Insert into TFRUSER.LOOKUP_TFR_TYPES
   (ID, TYPE, REF, NAME, DETAILS, 
    DESCRIPTION, TEMPLATE)
 Values
   (14, '91.139 Emergency Air Traffic Rules', '91.139', 'EMERGENCY', 'Emergency Air Traffic Rules', 
    'Emergency Air Traffic', '!FDC Y/NNNN {ARTCC} {TERRITORY/STATE}..AIRSPACE {COMMON NAME}, {CITY, STATE}.. TEMPORARY FLIGHT RESTRICTION. PURSUANT TO 14 CFR SECTION 91.138, TEMPORARY FLIGHT RESTRICTIONS ARE IN EFFECT  {TFR AREA SECTION} {TFR EFFECTIVE TIMES SECTION} {NEW AIR TRAFFIC RULES SECTION} {EARLIEST START DTG}-{LATEST END DTG}');

Insert into TFRUSER.LOOKUP_STATUS
   (STATUS_ID, STATUS_TEXT)
 Values
   (1, 'DRAFT');
Insert into TFRUSER.LOOKUP_STATUS
   (STATUS_ID, STATUS_TEXT)
 Values
   (2, 'PENDING');
Insert into TFRUSER.LOOKUP_STATUS
   (STATUS_ID, STATUS_TEXT)
 Values
   (3, 'PUBLISHED');
   
Insert into TFRUSER.LOOKUP_INST_OPTIONS
   (ID, NAME)
 Values
   (1, 'ONLY RELIEF AIRCRAFT OPERATIONS UNDER THE DIRECTION OF ARTCC ARE AUTHORIZED IN THE AIRSPACE.');
Insert into TFRUSER.LOOKUP_INST_OPTIONS
   (ID, NAME)
 Values
   (2, 'EXCEPT AS SPECIFIED BELOW AND/OR UNLESS AUTHORIZED BY ATC:');
Insert into TFRUSER.LOOKUP_INST_OPTIONS
   (ID, NAME)
 Values
   (3, '1. ALL AIRCRAFT ENTERING OR EXITING THE TFR MUST BE ON AN ACTIVE IFR OR VFR FLIGHT PLAN WITH A DISCRETE CODE ASSIGNED BY AN AIR TRAFFIC CONTROL (ATC) FACILITY.  AIRCRAFT MUST BE SQUAWKING THE DISCRETE CODE PRIOR TO DEPARTURE AND AT ALL TIMES WHILE IN THE TFR.');
Insert into TFRUSER.LOOKUP_INST_OPTIONS
   (ID, NAME)
 Values
   (4, '2. ALL AIRCRAFT ENTERING OR EXITING THE TFR MUST REMAIN IN TWO-WAY RADIO COMMUNICATIONS WITH ATC.');
Insert into TFRUSER.LOOKUP_INST_OPTIONS
   (ID, NAME)
 Values
   (5, 'EXCEPT AS SPECIFIED BELOW AND/OR UNLESS AUTHORIZED BY ATC IN CONSULTATION WITH THE AIR TRAFFIC SECURITY COORDINATOR VIA THE DOMESTIC EVENTS NETWORK (DEN):');
Insert into TFRUSER.LOOKUP_INST_OPTIONS
   (ID, NAME)
 Values
   (6, 'A. ALL AIRCRAFT OPERATIONS WITHIN THE X NMR AREA(S) LISTED ABOVE, KNOWN AS THE INNER CORE(S), ARE PROHIBITED EXCEPT FOR: MILITARY AIRCRAFT DIRECTLY SUPPORTING THE UNITED STATES SECRET SERVICE (USSS) AND THE OFFICE OF THE PRESIDENT OF THE UNITED STATES. COORDINATED AND APPROVED LAW ENFORCEMENT, AIR AMBULANCE AND FIREFIGHTING OPERATIONS MUST RECEIVE APPROVAL PRIOR TO ENTERING THIS AIRSPACE AT XXX-XXX-XXXX TO AVOID POTENTIAL DELAYS. REGULARLY SCHEDULED COMMERCIAL PASSENGER AND ALL-CARGO CARRIERS OPERATING UNDER ONE OF THE FOLLOWING TSA-APPROVED STANDARD SECURITY PROGRAMS/PROCEDURES: AIRCRAFT OPERATOR STANDARD');
Insert into TFRUSER.LOOKUP_INST_OPTIONS
   (ID, NAME)
 Values
   (7, 'B. FOR OPERATIONS WITHIN THE AIRSPACE BETWEEN THE X NMR AND X NMR AREA(S) LISTED ABOVE, KNOWN AS THE OUTER RING(S): ALL AIRCRAFT OPERATING WITHIN THE OUTER RING(S) LISTED ABOVE ARE LIMITED TO AIRCRAFT ARRIVING OR DEPARTING LOCAL AIRFIELDS, AND WORKLOAD PERMITTING, ATC MAY AUTHORIZE TRANSIT OPERATIONS. AIRCRAFT MAY NOT LOITER. ALL AIRCRAFT MUST BE ON AN ACTIVE IFR OR VFR FLIGHT PLAN WITH A DISCRETE CODE ASSIGNED BY AN AIR TRAFFIC CONTROL (ATC) FACILITY. AIRCRAFT MUST BE SQUAWKING THE DISCRETE CODE PRIOR TO DEPARTURE AND AT ALL TIMES WHILE IN THE TFR AND MUST REMAIN IN TWO-WAY RADIO COMMUNICATIONS WITH ATC.');
Insert into TFRUSER.LOOKUP_INST_OPTIONS
   (ID, NAME)
 Values
   (8, 'C. THE FOLLOWING OPERATIONS ARE NOT AUTHORIZED WITHIN THIS TFR: FLIGHT TRAINING, PRACTICE INSTRUMENT APPROACHES, AEROBATIC FLIGHT, GLIDER OPERATIONS, SEAPLANE OPERATIONS, PARACHUTE OPERATIONS, ULTRALIGHT, HANG GLIDING, BALLOON OPERATIONS, AGRICULTURE/CROP DUSTING, ANIMAL POPULATION CONTROL FLIGHT OPERATIONS, BANNER TOWING OPERATIONS, SIGHTSEEING OPERATIONS, MAINTENANCE TEST FLIGHTS, RADIO CONTROLLED MODEL AIRCRAFT OPERATIONS, MODEL ROCKETRY, UNMANNED AIRCRAFT SYSTEMS (UAS), AND UTILITY AND PIPELINE SURVEY OPERATIONS.');
Insert into TFRUSER.LOOKUP_INST_OPTIONS
   (ID, NAME)
 Values
   (9, 'D. FAA RECOMMENDS THAT ALL AIRCRAFT OPERATORS CHECK NOTAMS FREQUENTLY FOR POSSIBLE CHANGES TO THIS TFR PRIOR TO OPERATIONS WITHIN THIS REGION.');
Insert into TFRUSER.LOOKUP_INST_OPTIONS
   (ID, NAME)
 Values
   (10, 'EXCEPT THE FLIGHT OPERATIONS LISTED BELOW:');
Insert into TFRUSER.LOOKUP_INST_OPTIONS
   (ID, NAME)
 Values
   (11, '1. ALL IFR ARRIVALS OR DEPARTURES TO/FROM AIRPORTS WITHIN THIS TFR.');
Insert into TFRUSER.LOOKUP_INST_OPTIONS
   (ID, NAME)
 Values
   (12, '2. APPROVED; LAW ENFORCEMENT, FIRE FIGHTING, MILITARY AIRCRAFT DIRECTLY SUPPORTING THE UNITED STATES SECRET SERVICE (USSS) AND THE OFFICE OF THE VICE PRESIDENT OF THE UNITED STATES, AND MEDEVAC/AIR AMBULANCE FLIGHTS.');
Insert into TFRUSER.LOOKUP_INST_OPTIONS
   (ID, NAME)
 Values
   (13, '3. AIRCRAFT OPERATIONS NECESSITATED FOR SAFETY OR EMERGENCY REASONS.');
Insert into TFRUSER.LOOKUP_INST_OPTIONS
   (ID, NAME)
 Values
   (14, '4. AIRCRAFT THAT RECEIVE ATC AUTHORIZATION IN CONSULTATION WITH THE AIR TRAFFIC SECURITY COORDINATOR (ATSC) VIA THE DOMESTIC EVENTS NETWORK(DEN).');
Insert into TFRUSER.LOOKUP_INST_OPTIONS
   (ID, NAME)
 Values
   (15, 'UNLESS AUTHORIZED BY ATC.');
Insert into TFRUSER.LOOKUP_INST_OPTIONS
   (ID, NAME)
 Values
   (16, 'SPACE OPERATIONS AREA: AIRCRAFT OPERATIONS ARE PROHIBITIED.');
Insert into TFRUSER.LOOKUP_INST_OPTIONS
   (ID)
 Values
   (17);

Insert into TFRUSER.LOOKUP_INSTRUCTIONS
   (ID, NAME, VALUE)
 Values
   (1, 'Standard', 'standard');
Insert into TFRUSER.LOOKUP_INSTRUCTIONS
   (ID, NAME, VALUE)
 Values
   (2, 'Prohibited Area / Inner Core', 'prohibited_area');
Insert into TFRUSER.LOOKUP_INSTRUCTIONS
   (ID, NAME, VALUE)
 Values
   (3, 'Restricted Area / Outer Core', 'restricted_area');
Insert into TFRUSER.LOOKUP_INSTRUCTIONS
   (ID, NAME, VALUE)
 Values
   (4, 'VPOTUS', 'vpotus');
Insert into TFRUSER.LOOKUP_INSTRUCTIONS
   (ID, NAME, VALUE)
 Values
   (5, 'Remarks', 'remarks');
   
--rollback;   
   
commit;   
   
   

   
   
   
 
